{
  "MAE": 1211805.373564063,
  "MSE": 3004670432600.942,
  "RMSE": 1733398.520998833,
  "R2": 0.40555372936702483
}